"","HinvL","LinvH","HX2","LX2","vea_ssd","vea_ssp","appears"
"unc-13-4A",1,1,1,1,1,1,6
"CG32373",1,1,0,1,0,1,4
"Dys",1,1,0,0,1,1,4
"Pde11",1,1,0,0,1,1,4
"Fili",1,1,0,1,1,0,4
"CG42458",1,1,0,1,1,0,4
"Wdr62",1,1,0,0,1,1,4
"fred",1,1,0,1,0,1,4
"CG44153",1,1,0,0,1,1,4
"pum",1,1,0,1,0,0,3
"dpy",1,1,1,0,0,0,3
"shot",1,1,0,0,1,0,3
"5-HT2B",1,1,0,1,0,0,3
"igl",1,1,1,0,0,0,3
"erm",1,1,0,0,1,0,3
"px",1,1,0,0,0,1,3
"Gycbeta100B",1,1,1,0,0,0,3
"mtTFB2",1,1,0,1,0,0,3
"cwo",1,1,0,1,0,0,3
"Atat",1,1,1,0,0,0,3
"Egfr",1,1,1,0,0,0,3
"CG30283",1,1,1,0,0,0,3
"dpr2",1,1,0,0,0,1,3
"CG32333",1,1,0,0,1,0,3
"Pdp1",1,1,0,0,0,1,3
"Pura",1,1,0,1,0,0,3
"msi",1,1,0,0,1,0,3
"pyd",1,1,0,1,0,0,3
"side-VIII",1,1,1,0,0,0,3
"Glut1",1,1,0,0,0,1,3
"Strn-Mlck",1,1,0,0,1,0,3
"MCU",1,1,0,1,0,0,3
"CG45263",1,1,0,1,0,0,3
"rols",1,1,0,0,1,0,3
"Sema2b",1,1,0,0,0,1,3
"Pkc53E",1,1,0,1,0,0,3
"Fife",1,1,0,0,1,0,3
"nmo",1,1,0,0,1,0,3
"Antp",1,1,0,1,0,0,3
"CG46458",1,1,0,1,0,0,3
"tei",1,1,0,0,1,0,3
"CG34354",1,1,0,0,0,1,3
"Tmtc1",1,1,0,0,0,1,3
"CG30089",1,1,1,0,0,0,3
"hth",1,1,0,1,0,0,3
"CG42673",1,1,1,0,0,0,3
"beat-IIb",1,1,0,0,0,1,3
"lap",1,1,0,1,0,0,3
"RasGAP1",1,1,1,0,0,0,3
"Sap-r",1,1,1,0,0,0,3
"Octalpha2R",1,1,1,0,0,0,3
"CG34393",1,1,0,0,0,1,3
"MESK2",1,1,1,0,0,0,3
"Mical",1,1,0,1,0,0,3
"CG14830",1,1,0,1,0,0,3
"CG12964",1,1,1,0,0,0,3
"CG9837",1,1,0,1,0,0,3
"fru",1,1,0,0,1,0,3
"tun",1,1,1,0,0,0,3
"olf413",1,1,0,1,0,0,3
"sli",1,1,1,0,0,0,3
"dally",1,1,0,0,0,1,3
"fz",1,1,0,0,0,1,3
"Hsp26",1,1,1,0,0,0,3
"Shrm",1,1,0,0,0,1,3
"Rcd2",1,1,0,1,0,0,3
"Gad1",1,1,0,1,0,0,3
"Samuel",1,1,0,1,0,0,3
"Wnt4",1,1,0,0,1,0,3
"TkR86C",1,1,0,1,0,0,3
"CG42750",0,1,0,0,1,1,3
"eIF5B",0,0,0,1,1,1,3
"timeout",1,1,0,0,0,0,2
"CG42784",1,1,0,0,0,0,2
"lov",1,1,0,0,0,0,2
"Nav",1,1,0,0,0,0,2
"heca",1,1,0,0,0,0,2
"Pif1A",1,1,0,0,0,0,2
"Pif1B",1,1,0,0,0,0,2
"Ir85a",1,1,0,0,0,0,2
"epsilonCOP",1,1,0,0,0,0,2
"Bacc",1,1,0,0,0,0,2
"CG46523",1,1,0,0,0,0,2
"CG5687",1,1,0,0,0,0,2
"Rgk2",1,1,0,0,0,0,2
"Prosap",1,1,0,0,0,0,2
"spn-A",1,1,0,0,0,0,2
"Rpp14b",1,1,0,0,0,0,2
"ninaC",1,1,0,0,0,0,2
"Sap47",1,1,0,0,0,0,2
"Khc-73",1,1,0,0,0,0,2
"CG31559",1,1,0,0,0,0,2
"AP-2mu",1,1,0,0,0,0,2
"PVRAP",1,1,0,0,0,0,2
"Sur",1,1,0,0,0,0,2
"CG13894",1,1,0,0,0,0,2
"nAChRalpha5",1,1,0,0,0,0,2
"nsl1",1,1,0,0,0,0,2
"otp",1,1,0,0,0,0,2
"kek3",1,1,0,0,0,0,2
"CG43367",1,1,0,0,0,0,2
"flz",1,1,0,0,0,0,2
"Hipk",1,1,0,0,0,0,2
"Irp-1A",1,1,0,0,0,0,2
"CG15170",1,1,0,0,0,0,2
"Swip-1",1,1,0,0,0,0,2
"E2f1",1,1,0,0,0,0,2
"CG7457",1,1,0,0,0,0,2
"CG4213",1,1,0,0,0,0,2
"CG4781",1,1,0,0,0,0,2
"CG15554",1,1,0,0,0,0,2
"CG5888",1,1,0,0,0,0,2
"PIG-S",1,1,0,0,0,0,2
"stwl",1,1,0,0,0,0,2
"MED8",1,1,0,0,0,0,2
"Rgk3",1,1,0,0,0,0,2
"Sfxn2",1,1,0,0,0,0,2
"CG10936",1,1,0,0,0,0,2
"CG10737",1,1,0,0,0,0,2
"sty",1,1,0,0,0,0,2
"Lim3",1,1,0,0,0,0,2
"PGRP-LC",1,1,0,0,0,0,2
"CDase",1,1,0,0,0,0,2
"CG31869",1,1,0,0,0,0,2
"robo2",1,1,0,0,0,0,2
"Meltrin",1,1,0,0,0,0,2
"vrs",1,1,0,0,0,0,2
"CG42324",1,1,0,0,0,0,2
"JMJD6",1,1,0,0,0,0,2
"Tehao",1,1,0,0,0,0,2
"Dh44-R2",1,1,0,0,0,0,2
"CG32264",1,1,0,0,0,0,2
"ppk27",1,1,0,0,0,0,2
"Fkbp14",1,1,0,0,0,0,2
"NK7.1",1,1,0,0,0,0,2
"VGlut1",1,1,0,0,0,0,2
"asRNA:CR43257",1,1,0,0,0,0,2
"ETH",1,1,0,0,0,0,2
"Slh",1,1,0,0,0,0,2
"Camta",1,1,0,0,0,0,2
"vri",1,1,0,0,0,0,2
"CAP",1,1,0,0,0,0,2
"CG13794",1,1,0,0,0,0,2
"Sulf1",1,1,0,0,0,0,2
"CG9663",1,1,0,0,0,0,2
"CG31637",1,1,0,0,0,0,2
"scrib",1,1,0,0,0,0,2
"Fhos",1,1,0,0,0,0,2
"CG6576",1,1,0,0,0,0,2
"jeb",1,1,0,0,0,0,2
"Sag1",1,1,0,0,0,0,2
"rogdi",1,1,0,0,0,0,2
"CG8323",1,1,0,0,0,0,2
"CG34347",1,1,0,0,0,0,2
"mbl",1,1,0,0,0,0,2
"Pdxk",1,1,0,0,0,0,2
"ball",1,1,0,0,0,0,2
"MESR3",1,1,0,0,0,0,2
"CG13590",1,1,0,0,0,0,2
"lilli",1,1,0,0,0,0,2
"hppy",1,1,0,0,0,0,2
"Mcm10",1,1,0,0,0,0,2
"CenG1A",1,1,0,0,0,0,2
"Cks30A",1,1,0,0,0,0,2
"Snx21",1,1,0,0,0,0,2
"CG46339",1,1,0,0,0,0,2
"osy",1,1,0,0,0,0,2
"Nedd4",1,1,0,0,0,0,2
"CG43373",1,1,0,0,0,0,2
"CG5565",1,1,0,0,0,0,2
"sca",1,1,0,0,0,0,2
"Ir52a",1,1,0,0,0,0,2
"Eip93F",1,1,0,0,0,0,2
"VGlut2",1,1,0,0,0,0,2
"CG32982",1,1,0,0,0,0,2
"AnxB9",1,1,0,0,0,0,2
"l(2)k05819",1,1,0,0,0,0,2
"CG31924",1,1,0,0,0,0,2
"Phgdh",1,1,0,0,0,0,2
"Gp150",1,1,0,0,0,0,2
"CG13506",1,1,0,0,0,0,2
"Acph-1",1,1,0,0,0,0,2
"Obsc",1,1,0,0,0,0,2
"CAH15",1,1,0,0,0,0,2
"lama",1,1,0,0,0,0,2
"CG46456",1,1,0,0,0,0,2
"Spt",1,1,0,0,0,0,2
"dsf",1,1,0,0,0,0,2
"bru2",1,1,0,0,0,0,2
"asRNA:CR45214",1,1,0,0,0,0,2
"CR13656",1,1,0,0,0,0,2
"bru3",1,1,0,0,0,0,2
"prod",1,1,0,0,0,0,2
"SP2353",1,1,0,0,0,0,2
"Hs6st",1,1,0,0,0,0,2
"porin",1,1,0,0,0,0,2
"lili",1,1,0,0,0,0,2
"CG17839",1,1,0,0,0,0,2
"CG15533",1,1,0,0,0,0,2
"CG30460",1,1,0,0,0,0,2
"how",1,1,0,0,0,0,2
"Axn",1,1,0,0,0,0,2
"Rbfox1",1,1,0,0,0,0,2
"stj",1,1,0,0,0,0,2
"CG42460",1,1,0,0,0,0,2
"CG5033",1,1,0,0,0,0,2
"CG2614",1,1,0,0,0,0,2
"Syt1",1,1,0,0,0,0,2
"CG3119",1,1,0,0,0,0,2
"CG46491",1,1,0,0,0,0,2
"tmod",1,1,0,0,0,0,2
"Pde6",1,1,0,0,0,0,2
"mRpS29",1,1,0,0,0,0,2
"jp",1,1,0,0,0,0,2
"CG46468",1,1,0,0,0,0,2
"Cul3",1,1,0,0,0,0,2
"Svil",1,1,0,0,0,0,2
"CG5815",1,1,0,0,0,0,2
"dpp",1,1,0,0,0,0,2
"Magi",1,1,0,0,0,0,2
"aph-1",1,1,0,0,0,0,2
"CG5346",1,1,0,0,0,0,2
"Src64B",1,1,0,0,0,0,2
"AstC-R1",1,1,0,0,0,0,2
"Sf3b1",1,1,0,0,0,0,2
"CG6793",1,1,0,0,0,0,2
"cic",1,1,0,0,0,0,2
"twi",1,1,0,0,0,0,2
"CG9896",1,1,0,0,0,0,2
"ssp3",1,1,0,0,0,0,2
"psq",1,1,0,0,0,0,2
"Frl",1,1,0,0,0,0,2
"Swim",1,1,0,0,0,0,2
"Gr28b",1,1,0,0,0,0,2
"Patronin",1,1,0,0,0,0,2
"CG7879",1,1,0,0,0,0,2
"Obp99c",1,1,0,0,0,0,2
"CG15431",1,0,1,0,0,0,2
"frtz",1,1,0,0,0,0,2
"Oamb",1,1,0,0,0,0,2
"CG14877",1,1,0,0,0,0,2
"RapGAP1",1,1,0,0,0,0,2
"ETHR",1,1,0,0,0,0,2
"CG32091",1,1,0,0,0,0,2
"CG42342",1,1,0,0,0,0,2
"CG8468",1,1,0,0,0,0,2
"CG31161",1,1,0,0,0,0,2
"CAH1",1,1,0,0,0,0,2
"SNF4Agamma",1,1,0,0,0,0,2
"RYa-R",1,1,0,0,0,0,2
"Pgant2",1,1,0,0,0,0,2
"ScsbetaG",1,1,0,0,0,0,2
"wat",1,1,0,0,0,0,2
"beat-IIa",1,1,0,0,0,0,2
"grh",1,1,0,0,0,0,2
"CG32407",1,1,0,0,0,0,2
"PIG-Z",1,1,0,0,0,0,2
"CG45069",1,1,0,0,0,0,2
"CG14960",1,1,0,0,0,0,2
"CCHa1-R",1,1,0,0,0,0,2
"t-Grip84",1,1,0,0,0,0,2
"Cep290",1,1,0,0,0,0,2
"Nagk",1,1,0,0,0,0,2
"CG5953",1,1,0,0,0,0,2
"CG34353",1,1,0,0,0,0,2
"VhaAC39-2",1,1,0,0,0,0,2
"TyrRII",1,1,0,0,0,0,2
"CG13144",1,1,0,0,0,0,2
"toc",1,1,0,0,0,0,2
"Npl4",1,1,0,0,0,0,2
"CG5071",1,1,0,0,0,0,2
"Atg1",1,1,0,0,0,0,2
"CG5768",1,1,0,0,0,0,2
"CG17996",1,1,0,0,0,0,2
"CG13991",1,1,0,0,0,0,2
"Gbs-70E",1,1,0,0,0,0,2
"bark",1,1,0,0,0,0,2
"Hacl",1,1,0,0,0,0,2
"unc80",1,1,0,0,0,0,2
"Usp12-46",1,1,0,0,0,0,2
"CG7029",1,1,0,0,0,0,2
"wb",1,1,0,0,0,0,2
"CG13229",1,1,0,0,0,0,2
"H15",1,1,0,0,0,0,2
"asRNA:CR43469",1,1,0,0,0,0,2
"Balat",1,1,0,0,0,0,2
"Oatp33Eb",1,1,0,0,0,0,2
"Sema1b",1,1,0,0,0,0,2
"mtt",1,1,0,0,0,0,2
"Ziz",1,1,0,0,0,0,2
"CG6441",1,1,0,0,0,0,2
"CG31038",1,1,0,0,0,0,2
"CG15803",1,1,0,0,0,0,2
"MFS1",1,1,0,0,0,0,2
"Hil",1,1,0,0,0,0,2
"CG14835",1,1,0,0,0,0,2
"PNKP",1,1,0,0,0,0,2
"nau",1,1,0,0,0,0,2
"Dscam3",1,1,0,0,0,0,2
"Ncc69",1,1,0,0,0,0,2
"CG42268",1,1,0,0,0,0,2
"Ice1",1,1,0,0,0,0,2
"CG2187",1,1,0,0,0,0,2
"Csgalnact",1,1,0,0,0,0,2
"kek6",1,1,0,0,0,0,2
"Ktl",1,1,0,0,0,0,2
"dpr15",1,1,0,0,0,0,2
"dlp",1,1,0,0,0,0,2
"CG3339",1,1,0,0,0,0,2
"Pex11ab",1,1,0,0,0,0,2
"Sema5c",1,1,0,0,0,0,2
"side-V",1,1,0,0,0,0,2
"atos",1,1,0,0,0,0,2
"jvl",1,1,0,0,0,0,2
"CG13606",1,1,0,0,0,0,2
"betaTub60D",1,1,0,0,0,0,2
"mtgo",1,1,0,0,0,0,2
"GABA-B-R1",1,1,0,0,0,0,2
"exp",1,1,0,0,0,0,2
"CycT",1,1,0,0,0,0,2
"grsm",1,1,0,0,0,0,2
"spg",1,1,0,0,0,0,2
"Lnpk",1,1,0,0,0,0,2
"Cad96Ca",1,1,0,0,0,0,2
"CG13654",1,1,0,0,0,0,2
"CG31678",1,1,0,0,0,0,2
"TfIIS",1,1,0,0,0,0,2
"Ptp61F",1,1,0,0,0,0,2
"smo",1,1,0,0,0,0,2
"shep",1,1,0,0,0,0,2
"CG42671",1,1,0,0,0,0,2
"Srrm234",1,1,0,0,0,0,2
"Or85d",1,1,0,0,0,0,2
"Ube3a",1,1,0,0,0,0,2
"swi2",1,1,0,0,0,0,2
"Gr98b",1,1,0,0,0,0,2
"Scsalpha1",1,1,0,0,0,0,2
"CG16995",1,1,0,0,0,0,2
"CG9967",1,1,0,0,0,0,2
"kuz",1,1,0,0,0,0,2
"CG13857",1,1,0,0,0,0,2
"CG9861",1,1,0,0,0,0,2
"insc",1,1,0,0,0,0,2
"Pif1",1,1,0,0,0,0,2
"smog",1,1,0,0,0,0,2
"Eip63E",1,1,0,0,0,0,2
"Sox100B",1,1,0,0,0,0,2
"Aralar",1,1,0,0,0,0,2
"Cow",1,1,0,0,0,0,2
"mas",1,1,0,0,0,0,2
"mwh",1,1,0,0,0,0,2
"CG4751",1,1,0,0,0,0,2
"CG16956",1,1,0,0,0,0,2
"CG43063",1,1,0,0,0,0,2
"SA1",1,1,0,0,0,0,2
"5-HT1A",1,1,0,0,0,0,2
"Pgant6",1,1,0,0,0,0,2
"CG31176",1,1,0,0,0,0,2
"CG6678",1,1,0,0,0,0,2
"CG4907",1,1,0,0,0,0,2
"CG14082",1,1,0,0,0,0,2
"Hml",1,1,0,0,0,0,2
"sima",1,1,0,0,0,0,2
"CG7694",1,1,0,0,0,0,2
"fray",1,1,0,0,0,0,2
"TkR99D",1,1,0,0,0,0,2
"wdb",1,1,0,0,0,0,2
"CG30094",1,1,0,0,0,0,2
"Six4",1,1,0,0,0,0,2
"Zasp52",1,1,0,0,0,0,2
"DZIP1",1,1,0,0,0,0,2
"sls",1,1,0,0,0,0,2
"Apoltp",1,1,0,0,0,0,2
"sit",1,1,0,0,0,0,2
"C1GalTA",1,1,0,0,0,0,2
"asRNA:CR45815",1,1,0,0,0,0,2
"CG13920",1,1,0,0,0,0,2
"Shawl",1,1,0,0,0,0,2
"Aldh",1,1,0,0,0,0,2
"fwd",1,1,0,0,0,0,2
"ReepA",1,1,0,0,0,0,2
"CG4835",1,1,0,0,0,0,2
"CG30466",1,1,0,0,0,0,2
"Cdk5",1,1,0,0,0,0,2
"pb",1,1,0,0,0,0,2
"ena",1,1,0,0,0,0,2
"Sesn",1,1,0,0,0,0,2
"CG46429",1,1,0,0,0,0,2
"jdp",1,1,0,0,0,0,2
"CG9154",1,1,0,0,0,0,2
"CG32483",1,1,0,0,0,0,2
"Mkp3",1,1,0,0,0,0,2
"CG2493",1,1,0,0,0,0,2
"CycY",1,1,0,0,0,0,2
"CG4984",1,1,0,0,0,0,2
"CG4975",1,1,0,0,0,0,2
"CG34398",1,1,0,0,0,0,2
"CG1136",1,1,0,0,0,0,2
"loco",1,1,0,0,0,0,2
"Rx",1,1,0,0,0,0,2
"hbn",1,1,0,0,0,0,2
"MSAmiP",1,1,0,0,0,0,2
"CG13670",1,1,0,0,0,0,2
"crc",1,1,0,0,0,0,2
"Stam",1,1,0,0,0,0,2
"Ance-3",1,1,0,0,0,0,2
"wdn",1,1,0,0,0,0,2
"Fbp",1,1,0,0,0,0,2
"gzl",1,1,0,0,0,0,2
"CG6836",1,1,0,0,0,0,2
"Cda5",1,1,0,0,0,0,2
"CG13250",1,1,0,0,0,0,2
"CG17378",1,1,0,0,0,0,2
"osp",1,1,0,0,0,0,2
"heph",1,1,0,0,0,0,2
"CG13842",1,1,0,0,0,0,2
"side",1,1,0,0,0,0,2
"rod",1,1,0,0,0,0,2
"CG14989",1,1,0,0,0,0,2
"CG12054",1,1,0,0,0,0,2
"DAT",1,1,0,0,0,0,2
"BicDR",1,1,0,0,0,0,2
"Pvr",1,1,0,0,0,0,2
"CG30103",1,1,0,0,0,0,2
"tara",1,1,0,0,0,0,2
"CG42331",1,1,0,0,0,0,2
"sNPF-R",1,1,0,0,0,0,2
"Cpr56F",1,1,0,0,0,0,2
"hig",1,1,0,0,0,0,2
"CG9586",1,1,0,0,0,0,2
"CG42748",1,1,0,0,0,0,2
"CG18265",1,1,0,0,0,0,2
"CG43691",1,1,0,0,0,0,2
"Rpt4R",1,1,0,0,0,0,2
"Orct",1,1,0,0,0,0,2
"lobo",1,1,0,0,0,0,2
"CG15399",1,1,0,0,0,0,2
"RhoGEF3",1,1,0,0,0,0,2
"CG31286",1,1,0,0,0,0,2
"Tsp66E",1,1,0,0,0,0,2
"Pus7",1,1,0,0,0,0,2
"foxo",1,1,0,0,0,0,2
"drm",1,1,0,0,0,0,2
"tweek",1,1,0,0,0,0,2
"nolo",1,0,0,0,1,0,2
"Tmc",1,1,0,0,0,0,2
"beat-Ic",1,1,0,0,0,0,2
"Got1",1,1,0,0,0,0,2
"Mp",1,0,0,1,0,0,2
"promL",1,0,0,1,0,0,2
"CG42540",1,0,0,0,0,1,2
"cno",0,1,0,1,0,0,2
"Pgant9",0,1,0,1,0,0,2
"dcma",0,0,1,0,0,1,2
"Pde1c",0,0,1,1,0,0,2
"Fas3",0,0,1,0,1,0,2
"Stacl",0,0,1,1,0,0,2
"Sdc",0,0,1,0,1,0,2
"a",0,0,1,1,0,0,2
"path",0,0,1,0,0,1,2
"zfh1",0,0,1,0,0,1,2
"sn",0,0,1,1,0,0,2
"baz",0,0,1,0,1,0,2
"pk",0,0,0,1,1,0,2
"sano",0,0,0,1,1,0,2
"CG43759",0,0,0,0,1,1,2
"dnc",0,0,0,0,1,1,2
"IA-2",0,0,0,0,1,1,2
"jing",0,0,0,0,1,1,2
"kirre",0,0,0,0,1,1,2
"Neto",0,0,0,0,1,1,2
"Shab",0,0,0,0,1,1,2
"Tet",1,0,0,0,0,0,1
"CG42288",1,0,0,0,0,0,1
"CG9926",1,0,0,0,0,0,1
"CG43175",1,0,0,0,0,0,1
"SF1",1,0,0,0,0,0,1
"CG17005",1,0,0,0,0,0,1
"msk",1,0,0,0,0,0,1
"Phm",1,0,0,0,0,0,1
"LRP1",1,0,0,0,0,0,1
"asRNA:CR44020",1,0,0,0,0,0,1
"klg",1,0,0,0,0,0,1
"CG10011",1,0,0,0,0,0,1
"Qsox3",1,0,0,0,0,0,1
"Gdap2",1,0,0,0,0,0,1
"Flad2",1,0,0,0,0,0,1
"Rim",1,0,0,0,0,0,1
"CG10132",1,0,0,0,0,0,1
"Plc21C",1,0,0,0,0,0,1
"CG9008",1,0,0,0,0,0,1
"Liprin-gamma",1,0,0,0,0,0,1
"CG42588",1,0,0,0,0,0,1
"Iml1",1,0,0,0,0,0,1
"Rad17",1,0,0,0,0,0,1
"sr",1,0,0,0,0,0,1
"Rdl",1,0,0,0,0,0,1
"GlyT",0,1,0,0,0,0,1
"Gprk2",0,1,0,0,0,0,1
"Piezo",0,1,0,0,0,0,1
"ND-15",0,1,0,0,0,0,1
"CG4822",0,1,0,0,0,0,1
"mim",0,1,0,0,0,0,1
"CheB42c",0,1,0,0,0,0,1
"U2af38",0,1,0,0,0,0,1
"CG45063",0,1,0,0,0,0,1
"CG44954",0,1,0,0,0,0,1
"Sr-CIII",0,1,0,0,0,0,1
"CG8641",0,1,0,0,0,0,1
"CG18870",0,1,0,0,0,0,1
"Spn31A",0,1,0,0,0,0,1
"HPS4",0,1,0,0,0,0,1
"mv",0,1,0,0,0,0,1
"Sf3b6",0,1,0,0,0,0,1
"bab1",0,1,0,0,0,0,1
"CadN2",0,1,0,0,0,0,1
"Lar",0,1,0,0,0,0,1
"CG46244",0,1,0,0,0,0,1
"CG44837",0,1,0,0,0,0,1
"CG4712",0,1,0,0,0,0,1
"CG6204",0,1,0,0,0,0,1
"Ptp36E",0,1,0,0,0,0,1
"Sln",0,1,0,0,0,0,1
"m-cup",0,1,0,0,0,0,1
"ppk21",0,1,0,0,0,0,1
"bma",0,1,0,0,0,0,1
"Achl",0,1,0,0,0,0,1
"ed",0,0,1,0,0,0,1
"Or24a",0,0,1,0,0,0,1
"Art2",0,0,1,0,0,0,1
"ft",0,0,1,0,0,0,1
"bdl",0,0,1,0,0,0,1
"Traf4",0,0,1,0,0,0,1
"tutl",0,0,1,0,0,0,1
"Atet",0,0,1,0,0,0,1
"CG17612",0,0,1,0,0,0,1
"Psf2",0,0,1,0,0,0,1
"Tps1",0,0,1,0,0,0,1
"CG15443",0,0,1,0,0,0,1
"ine",0,0,1,0,0,0,1
"CG3251",0,0,1,0,0,0,1
"fipi",0,0,1,0,0,0,1
"hoe1",0,0,1,0,0,0,1
"Gal",0,0,1,0,0,0,1
"Nlg2",0,0,1,0,0,0,1
"Pvf2",0,0,1,0,0,0,1
"Nuf2",0,0,1,0,0,0,1
"Ugt307A1",0,0,1,0,0,0,1
"Pvf3",0,0,1,0,0,0,1
"salm",0,0,1,0,0,0,1
"p38b",0,0,1,0,0,0,1
"Targ",0,0,1,0,0,0,1
"mspo",0,0,1,0,0,0,1
"CG12862",0,0,1,0,0,0,1
"CG7544",0,0,1,0,0,0,1
"vaha",0,0,1,0,0,0,1
"row",0,0,1,0,0,0,1
"Ir51b",0,0,1,0,0,0,1
"CG8079",0,0,1,0,0,0,1
"scb",0,0,1,0,0,0,1
"ItgaPS4",0,0,1,0,0,0,1
"Fs",0,0,1,0,0,0,1
"Trpm",0,0,1,0,0,0,1
"Pms2",0,0,1,0,0,0,1
"Hr51",0,0,1,0,0,0,1
"unc-5",0,0,1,0,0,0,1
"CG8180",0,0,1,0,0,0,1
"SRPK",0,0,1,0,0,0,1
"CG12963",0,0,1,0,0,0,1
"Ir52c",0,0,1,0,0,0,1
"CG8192",0,0,1,0,0,0,1
"CG42524",0,0,1,0,0,0,1
"Impbeta11",0,0,1,0,0,0,1
"CG8249",0,0,1,0,0,0,1
"Acly",0,0,1,0,0,0,1
"Rrp42",0,0,1,0,0,0,1
"CG8389",0,0,1,0,0,0,1
"Elk",0,0,1,0,0,0,1
"CG14495",0,0,1,0,0,0,1
"CG5098",0,0,1,0,0,0,1
"CG5756",0,0,1,0,0,0,1
"CG34386",0,0,1,0,0,0,1
"Dtymk",0,0,1,0,0,0,1
"Hsf",0,0,1,0,0,0,1
"CG33958",0,0,1,0,0,0,1
"CG14500",0,0,1,0,0,0,1
"CR45315",0,0,1,0,0,0,1
"Naus",0,0,1,0,0,0,1
"Gtpbp1",0,0,1,0,0,0,1
"CG10914",0,0,1,0,0,0,1
"CG10916",0,0,1,0,0,0,1
"CG5726",0,0,1,0,0,0,1
"sm",0,0,1,0,0,0,1
"CG11788",0,0,1,0,0,0,1
"Hsl",0,0,1,0,0,0,1
"CG17974",0,0,1,0,0,0,1
"Panx",0,0,1,0,0,0,1
"CG33655",0,0,1,0,0,0,1
"twz",0,0,1,0,0,0,1
"CG30286",0,0,1,0,0,0,1
"CG30288",0,0,1,0,0,0,1
"HmgD",0,0,1,0,0,0,1
"CG30403",0,0,1,0,0,0,1
"CG15676",0,0,1,0,0,0,1
"CG42379",0,0,1,0,0,0,1
"CG42381",0,0,1,0,0,0,1
"CG42380",0,0,1,0,0,0,1
"PIG-M",0,0,1,0,0,0,1
"CG42497",0,0,1,0,0,0,1
"Tim10",0,0,1,0,0,0,1
"stum",0,0,1,0,0,0,1
"Tango11",0,0,1,0,0,0,1
"pirk",0,0,1,0,0,0,1
"CG4021",0,0,1,0,0,0,1
"CG18735",0,0,1,0,0,0,1
"CG13577",0,0,1,0,0,0,1
"E(bx)",0,0,1,0,0,0,1
"zormin",0,0,1,0,0,0,1
"Cip4",0,0,1,0,0,0,1
"Hsp67Bc",0,0,1,0,0,0,1
"PGRP-LA",0,0,1,0,0,0,1
"CG4080",0,0,1,0,0,0,1
"CG4452",0,0,1,0,0,0,1
"Klp67A",0,0,1,0,0,0,1
"Ugp",0,0,1,0,0,0,1
"CG4456",0,0,1,0,0,0,1
"Hsp22",0,0,1,0,0,0,1
"CG44838",0,0,1,0,0,0,1
"CG3552",0,0,1,0,0,0,1
"CG3434",0,0,1,0,0,0,1
"phol",0,0,1,0,0,0,1
"CG4022",0,0,1,0,0,0,1
"Srg3",0,0,1,0,0,0,1
"CG32036",0,0,1,0,0,0,1
"CG3982",0,0,1,0,0,0,1
"CG33700",0,0,1,0,0,0,1
"CG3335",0,0,1,0,0,0,1
"Or67a",0,0,1,0,0,0,1
"fry",0,0,1,0,0,0,1
"CNMaR",0,0,1,0,0,0,1
"CG16711",0,0,1,0,0,0,1
"alphaTub67C",0,0,1,0,0,0,1
"Ubc4",0,0,1,0,0,0,1
"Prps",0,0,1,0,0,0,1
"asRNA:CR45804",0,0,1,0,0,0,1
"Cyp40",0,0,1,0,0,0,1
"CG43897",0,0,1,0,0,0,1
"Ae2",0,0,1,0,0,0,1
"CG32052",0,0,1,0,0,0,1
"Zasp67",0,0,1,0,0,0,1
"ChAT",0,0,1,0,0,0,1
"VAChT",0,0,1,0,0,0,1
"CG7720",0,0,1,0,0,0,1
"CG42613",0,0,1,0,0,0,1
"CG6040",0,0,1,0,0,0,1
"C15",0,0,1,0,0,0,1
"Fancm",0,0,1,0,0,0,1
"lbl",0,0,1,0,0,0,1
"slou",0,0,1,0,0,0,1
"CG15498",0,0,1,0,0,0,1
"sp3",0,0,1,0,0,0,1
"CG4374",0,0,1,0,0,0,1
"CG43694",0,0,1,0,0,0,1
"Est17",0,0,1,0,0,0,1
"beat-IV",0,0,1,0,0,0,1
"CG34355",0,0,1,0,0,0,1
"Rrp5",0,0,1,0,0,0,1
"grass",0,0,1,0,0,0,1
"Rpt6R",0,0,1,0,0,0,1
"cindr",0,0,1,0,0,0,1
"Ctr1C",0,0,1,0,0,0,1
"5-HT7",0,0,1,0,0,0,1
"CG15553",0,0,1,0,0,0,1
"Mayo",0,0,1,0,0,0,1
"stops",0,0,1,0,0,0,1
"chp",0,0,1,0,0,0,1
"CG34450",0,0,1,0,0,0,1
"CG13003",0,0,1,0,0,0,1
"CG8945",0,0,1,0,0,0,1
"CG32564",0,0,1,0,0,0,1
"CG34327",0,0,1,0,0,0,1
"CG5070",0,0,1,0,0,0,1
"CG10598",0,0,1,0,0,0,1
"CG18258",0,0,1,0,0,0,1
"f",0,0,1,0,0,0,1
"CG5445",0,0,1,0,0,0,1
"Fim",0,0,1,0,0,0,1
"CG42854",0,0,1,0,0,0,1
"raskol",0,0,1,0,0,0,1
"chas",0,0,1,0,0,0,1
"GlcAT-S",0,0,0,1,0,0,1
"CG42692",0,0,0,1,0,0,1
"CLIP-190",0,0,0,1,0,0,1
"CG17544",0,0,0,1,0,0,1
"CG31798",0,0,0,1,0,0,1
"Spn43Ad",0,0,0,1,0,0,1
"pdm3",0,0,0,1,0,0,1
"Prip",0,0,0,1,0,0,1
"Drip",0,0,0,1,0,0,1
"inv",0,0,0,1,0,0,1
"CG15617",0,0,0,1,0,0,1
"Acp53C14a",0,0,0,1,0,0,1
"RalGPS",0,0,0,1,0,0,1
"CG15614",0,0,0,1,0,0,1
"mute",0,0,0,1,0,0,1
"Cbp53E",0,0,0,1,0,0,1
"Pu",0,0,0,1,0,0,1
"CG4286",0,0,0,1,0,0,1
"CG13488",0,0,0,1,0,0,1
"PpN58A",0,0,0,1,0,0,1
"CG34370",0,0,0,1,0,0,1
"Vrp1",0,0,0,1,0,0,1
"Snp",0,0,0,1,0,0,1
"flap",0,0,0,1,0,0,1
"CG30280",0,0,0,1,0,0,1
"Plekhm1",0,0,0,1,0,0,1
"MED16",0,0,0,1,0,0,1
"speck",0,0,0,1,0,0,1
"CG1271",0,0,0,1,0,0,1
"FMRFaR",0,0,0,1,0,0,1
"scramb2",0,0,0,1,0,0,1
"CPT2",0,0,0,1,0,0,1
"Sk2",0,0,0,1,0,0,1
"CG32486",0,0,0,1,0,0,1
"CG32278",0,0,0,1,0,0,1
"MnM",0,0,0,1,0,0,1
"PAN3",0,0,0,1,0,0,1
"CG11537",0,0,0,1,0,0,1
"Cht7",0,0,0,1,0,0,1
"Usp5",0,0,0,1,0,0,1
"BtbVII",0,0,0,1,0,0,1
"CG14963",0,0,0,1,0,0,1
"CG45067",0,0,0,1,0,0,1
"CG32280",0,0,0,1,0,0,1
"Girdin",0,0,0,1,0,0,1
"hob",0,0,0,1,0,0,1
"Larp4B",0,0,0,1,0,0,1
"gry",0,0,0,1,0,0,1
"CG42747",0,0,0,1,0,0,1
"ndl",0,0,0,1,0,0,1
"jv",0,0,0,1,0,0,1
"GluRIA",0,0,0,1,0,0,1
"ple",0,0,0,1,0,0,1
"dikar",0,0,0,1,0,0,1
"eIF4E4",0,0,0,1,0,0,1
"CG9953",0,0,0,1,0,0,1
"sgl",0,0,0,1,0,0,1
"CG9948",0,0,0,1,0,0,1
"Galphai",0,0,0,1,0,0,1
"Mis12",0,0,0,1,0,0,1
"form3",0,0,0,1,0,0,1
"CG8563",0,0,0,1,0,0,1
"CG8607",0,0,0,1,0,0,1
"Cln7",0,0,0,1,0,0,1
"CG8560",0,0,0,1,0,0,1
"RhoGEF4",0,0,0,1,0,0,1
"Sh3beta",0,0,0,1,0,0,1
"eco",0,0,0,1,0,0,1
"CG32379",0,0,0,1,0,0,1
"CG18417",0,0,0,1,0,0,1
"asRNA:CR45896",0,0,0,1,0,0,1
"CG7546",0,0,0,1,0,0,1
"sphinx2",0,0,0,1,0,0,1
"ltl",0,0,0,1,0,0,1
"mthl6",0,0,0,1,0,0,1
"lqf",0,0,0,1,0,0,1
"frac",0,0,0,1,0,0,1
"Ank2",0,0,0,1,0,0,1
"CG44195",0,0,0,1,0,0,1
"Tmem70",0,0,0,1,0,0,1
"dpr6",0,0,0,1,0,0,1
"Spn77Ba",0,0,0,1,0,0,1
"gogo",0,0,0,1,0,0,1
"CG17122",0,0,0,1,0,0,1
"Pex23",0,0,0,1,0,0,1
"alphaSnap",0,0,0,1,0,0,1
"asRNA:CR43875",0,0,0,1,0,0,1
"CG5910",0,0,0,1,0,0,1
"Ide",0,0,0,1,0,0,1
"CG32428",0,0,0,1,0,0,1
"ZnT77C",0,0,0,1,0,0,1
"Tdh",0,0,0,1,0,0,1
"atk",0,0,0,1,0,0,1
"BNIP3",0,0,0,1,0,0,1
"ND-39",0,0,0,1,0,0,1
"knrl",0,0,0,1,0,0,1
"CG13252",0,0,0,1,0,0,1
"cmpy",0,0,0,1,0,0,1
"kni",0,0,0,1,0,0,1
"ko",0,0,0,1,0,0,1
"Ac78C",0,0,0,1,0,0,1
"CG42337",0,0,0,1,0,0,1
"CG43219",0,0,0,1,0,0,1
"Eip78C",0,0,0,1,0,0,1
"rgn",0,0,0,1,0,0,1
"Aef1",0,0,0,1,0,0,1
"CG32440",0,0,0,1,0,0,1
"Tbc1d8-9",0,0,0,1,0,0,1
"MED1",0,0,0,1,0,0,1
"CG32447",0,0,0,1,0,0,1
"mub",0,0,0,1,0,0,1
"Chs2",0,0,0,1,0,0,1
"Oct-TyrR",0,0,0,1,0,0,1
"Csp",0,0,0,1,0,0,1
"Ten-m",0,0,0,1,0,0,1
"CG11241",0,0,0,1,0,0,1
"jim",0,0,0,1,0,0,1
"Mes2",0,0,0,1,0,0,1
"BoYb",0,0,0,1,0,0,1
"nrm",0,0,0,1,0,0,1
"nAChRalpha4",0,0,0,1,0,0,1
"AGO3",0,0,0,1,0,0,1
"CG40470",0,0,0,1,0,0,1
"Snap25",0,0,0,1,0,0,1
"CG40045",0,0,0,1,0,0,1
"Set1",0,0,0,1,0,0,1
"lovit",0,0,0,1,0,0,1
"CR40450",0,0,0,1,0,0,1
"Myo81F",0,0,0,1,0,0,1
"Pzl",0,0,0,1,0,0,1
"CG41099",0,0,0,1,0,0,1
"TwdlU",0,0,0,1,0,0,1
"CG31523",0,0,0,1,0,0,1
"Gucy2d",0,0,0,1,0,0,1
"Mur82C",0,0,0,1,0,0,1
"5-HT2A",0,0,0,1,0,0,1
"smash",0,0,0,1,0,0,1
"slx1",0,0,0,1,0,0,1
"MED31",0,0,0,1,0,0,1
"Karybeta3",0,0,0,1,0,0,1
"ctrip",0,0,0,1,0,0,1
"CtsF",0,0,0,1,0,0,1
"mtd",0,0,0,1,0,0,1
"Kat60",0,0,0,1,0,0,1
"Cerk",0,0,0,1,0,0,1
"CG34277",0,0,0,1,0,0,1
"CG31542",0,0,0,1,0,0,1
"CG14669",0,0,0,1,0,0,1
"POLDIP2",0,0,0,1,0,0,1
"dths",0,0,0,1,0,0,1
"side-III",0,0,0,1,0,0,1
"Rm62",0,0,0,1,0,0,1
"Osi18",0,0,0,1,0,0,1
"gpp",0,0,0,1,0,0,1
"dpr11",0,0,0,1,0,0,1
"Fer1",0,0,0,1,0,0,1
"CG1965",0,0,0,1,0,0,1
"Elmod",0,0,0,1,0,0,1
"Alh",0,0,0,1,0,0,1
"CG1288",0,0,0,1,0,0,1
"thw",0,0,0,1,0,0,1
"sas",0,0,0,1,0,0,1
"Sas-4",0,0,0,1,0,0,1
"CG14605",0,0,0,1,0,0,1
"asRNA:CR45909",0,0,0,1,0,0,1
"CG14606",0,0,0,1,0,0,1
"CG14609",0,0,0,1,0,0,1
"CG1227",0,0,0,1,0,0,1
"Gld",0,0,0,1,0,0,1
"rn",0,0,0,1,0,0,1
"CG10029",0,0,0,1,0,0,1
"CG43290",0,0,0,1,0,0,1
"Mst84Dd",0,0,0,1,0,0,1
"MstProx",0,0,0,1,0,0,1
"CG14598",0,0,0,1,0,0,1
"CG42650",0,0,0,1,0,0,1
"CG1142",0,0,0,1,0,0,1
"alpha-Est8",0,0,0,1,0,0,1
"CG34384",0,0,0,1,0,0,1
"mAChR-B",0,0,0,1,0,0,1
"CG9636",0,0,0,1,0,0,1
"grn",0,0,0,1,0,0,1
"Poxm",0,0,0,1,0,0,1
"CG33722",0,0,0,1,0,0,1
"CG18749",0,0,0,1,0,0,1
"Obp85a",0,0,0,1,0,0,1
"Cenp-C",0,0,0,1,0,0,1
"CG11970",0,0,0,1,0,0,1
"RagA-B",0,0,0,1,0,0,1
"neur",0,0,0,1,0,0,1
"hyx",0,0,0,1,0,0,1
"Nmdmc",0,0,0,1,0,0,1
"Rel",0,0,0,1,0,0,1
"CG8861",0,0,0,1,0,0,1
"HP1e",0,0,0,1,0,0,1
"CG16779",0,0,0,1,0,0,1
"by",0,0,0,1,0,0,1
"rump",0,0,0,1,0,0,1
"CG8312",0,0,0,1,0,0,1
"Dhc1",0,0,0,1,0,0,1
"Dh44",0,0,0,1,0,0,1
"CG9386",0,0,0,1,0,0,1
"Alg12",0,0,0,1,0,0,1
"hyd",0,0,0,1,0,0,1
"Naa80",0,0,0,1,0,0,1
"Mpi",0,0,0,1,0,0,1
"MED6",0,0,0,1,0,0,1
"FoxP",0,0,0,1,0,0,1
"Snap24",0,0,0,1,0,0,1
"Teh1",0,0,0,1,0,0,1
"Glut4EF",0,0,0,1,0,0,1
"CG46467",0,0,0,1,0,0,1
"Whamy",0,0,0,1,0,0,1
"CG42857",0,0,0,1,0,0,1
"RpS29",0,0,0,1,0,0,1
"topi",0,0,0,1,0,0,1
"CG9458",0,0,0,1,0,0,1
"FBXO11",0,0,0,1,0,0,1
"asRNA:CR31514",0,0,0,1,0,0,1
"CG12947",0,0,0,1,0,0,1
"asRNA:CR44035",0,0,0,1,0,0,1
"CG34302",0,0,0,1,0,0,1
"CG8500",0,0,0,1,0,0,1
"eloF",0,0,0,1,0,0,1
"CG9471",0,0,0,1,0,0,1
"CG9467",0,0,0,1,0,0,1
"CG12945",0,0,0,1,0,0,1
"CG9459",0,0,0,1,0,0,1
"CG8507",0,0,0,1,0,0,1
"Npc2d",0,0,0,1,0,0,1
"Fmr1",0,0,0,1,0,0,1
"Syn",0,0,0,1,0,0,1
"Timp",0,0,0,1,0,0,1
"Nuak",0,0,0,1,0,0,1
"Gldc",0,0,0,1,0,0,1
"blobby",0,0,0,1,0,0,1
"Bruce",0,0,0,1,0,0,1
"Rfx",0,0,0,1,0,0,1
"jumu",0,0,0,1,0,0,1
"sle",0,0,0,1,0,0,1
"CG12818",0,0,0,1,0,0,1
"Irp-1B",0,0,0,1,0,0,1
"CG6465",0,0,0,1,0,0,1
"CG14692",0,0,0,1,0,0,1
"Tengl4",0,0,0,1,0,0,1
"side-VI",0,0,0,1,0,0,1
"Leash",0,0,0,1,0,0,1
"pic",0,0,0,1,0,0,1
"cpo",0,0,0,1,0,0,1
"Ice2",0,0,0,1,0,0,1
"CG3744",0,0,0,1,0,0,1
"CG12883",0,0,0,1,0,0,1
"AstA-R1",0,0,0,1,0,0,1
"norpA",0,0,0,1,0,0,1
"NO66",0,0,0,1,0,0,1
"CG4586",0,0,0,1,0,0,1
"fz4",0,0,0,1,0,0,1
"Cph",0,0,0,1,0,0,1
"Rab39",0,0,0,1,0,0,1
"Pdp",0,0,0,1,0,0,1
"Tom40",0,0,0,1,0,0,1
"CARPA",0,0,0,1,0,0,1
"Ir7g",0,0,0,1,0,0,1
"Ir7b",0,0,0,1,0,0,1
"dpr14",0,0,0,1,0,0,1
"CG1409",0,0,0,1,0,0,1
"p115",0,0,0,1,0,0,1
"Acat1",0,0,0,1,0,0,1
"CARPB",0,0,0,1,0,0,1
"Ork1",0,0,0,1,0,0,1
"CG2157",0,0,0,1,0,0,1
"CG1737",0,0,0,1,0,0,1
"Gapvd1",0,0,0,1,0,0,1
"HP5",0,0,0,1,0,0,1
"cac",0,0,0,1,0,0,1
"CG11581",0,0,0,1,0,0,1
"CG11590",0,0,0,1,0,0,1
"yl",0,0,0,1,0,0,1
"CG43075",0,0,0,1,0,0,1
"gce",0,0,0,1,0,0,1
"CG6324",0,0,0,1,0,0,1
"shakB",0,0,0,1,0,0,1
"asR:CR43898",0,0,0,0,1,0,1
"CG1677",0,0,0,0,1,0,1
"CG43902",0,0,0,0,1,0,1
"CG7884",0,0,0,0,1,0,1
"pnt",0,0,0,0,1,0,1
"axo",0,0,0,0,1,0,1
"CG13917",0,0,0,0,1,0,1
"CG14764",0,0,0,0,1,0,1
"CG15765",0,0,0,0,1,0,1
"CG17097",0,0,0,0,1,0,1
"CG30015",0,0,0,0,1,0,1
"CG31743",0,0,0,0,1,0,1
"CG42852",0,0,0,0,1,0,1
"CG4829",0,0,0,0,1,0,1
"CG7985",0,0,0,0,1,0,1
"Dgk",0,0,0,0,1,0,1
"Drgx",0,0,0,0,1,0,1
"pHCl-1",0,0,0,0,1,0,1
"pigs",0,0,0,0,1,0,1
"Pxn",0,0,0,0,1,0,1
"RhoGEF64C",0,0,0,0,1,0,1
"sdt",0,0,0,0,1,0,1
"SPR",0,0,0,0,1,0,1
"Trim9",0,0,0,0,1,0,1
"vkg",0,0,0,0,1,0,1
"boi",0,0,0,0,0,1,1
"capu",0,0,0,0,0,1,1
"casp",0,0,0,0,0,1,1
"CG12535",0,0,0,0,0,1,1
"CG32066",0,0,0,0,0,1,1
"CG33144",0,0,0,0,0,1,1
"CG3558",0,0,0,0,0,1,1
"CG4563",0,0,0,0,0,1,1
"cnc",0,0,0,0,0,1,1
"Cpr47Ed",0,0,0,0,0,1,1
"DIP-eta",0,0,0,0,0,1,1
"Fatp2",0,0,0,0,0,1,1
"Ih",0,0,0,0,0,1,1
"Klp31E",0,0,0,0,0,1,1
"kn",0,0,0,0,0,1,1
"Lmpt",0,0,0,0,0,1,1
"lu",0,0,0,0,0,1,1
"Pka-C2",0,0,0,0,0,1,1
"rdgB",0,0,0,0,0,1,1
"Sema1a",0,0,0,0,0,1,1
"side-II",0,0,0,0,0,1,1
"so",0,0,0,0,0,1,1
"tai",0,0,0,0,0,1,1
"Tmtc2",0,0,0,0,0,1,1
"wda",0,0,0,0,0,1,1
"CadN",0,0,0,0,0,1,1
"CG14205",0,0,0,0,0,1,1
"CG3604",0,0,0,0,0,1,1
"CG5973",0,0,0,0,0,1,1
"clu",0,0,0,0,0,1,1
"Gfrl",0,0,0,0,0,1,1
"Pgam5-2",0,0,0,0,0,1,1
"rib",0,0,0,0,0,1,1
"Snx27",0,0,0,0,0,1,1
